{
    "losses_distributed": [
        [
            1,
            4.1150062084198
        ],
        [
            2,
            4.1448974609375
        ],
        [
            3,
            4.146979331970215
        ],
        [
            7,
            4.117336988449097
        ],
        [
            9,
            4.116410493850708
        ]
    ],
    "losses_centralized": [
        [
            0,
            194.37576723098755
        ],
        [
            1,
            194.37576723098755
        ],
        [
            2,
            194.37576723098755
        ],
        [
            3,
            194.37576723098755
        ],
        [
            4,
            194.37576723098755
        ],
        [
            5,
            194.37576723098755
        ],
        [
            6,
            194.37576723098755
        ],
        [
            7,
            194.37576723098755
        ],
        [
            8,
            194.37576723098755
        ],
        [
            9,
            194.37576723098755
        ],
        [
            10,
            194.37576723098755
        ]
    ],
    "fit_metrics_distributed": {},
    "eval_metrics_distributed": {
        "local_accuracy": [
            [
                1,
                {
                    "avg": 0.0,
                    "all": [
                        [
                            1,
                            0.0
                        ],
                        [
                            1,
                            0.0
                        ]
                    ]
                }
            ],
            [
                2,
                {
                    "avg": 0.0,
                    "all": [
                        [
                            1,
                            0.0
                        ],
                        [
                            1,
                            0.0
                        ]
                    ]
                }
            ],
            [
                3,
                {
                    "avg": 0.0,
                    "all": [
                        [
                            1,
                            0.0
                        ],
                        [
                            1,
                            0.0
                        ]
                    ]
                }
            ],
            [
                7,
                {
                    "avg": 0.0,
                    "all": [
                        [
                            1,
                            0.0
                        ],
                        [
                            1,
                            0.0
                        ]
                    ]
                }
            ],
            [
                9,
                {
                    "avg": 0.0,
                    "all": [
                        [
                            1,
                            0.0
                        ],
                        [
                            1,
                            0.0
                        ]
                    ]
                }
            ]
        ]
    },
    "metrics_distributed": {
        "Placeholder, see fit and eval metrics distributed results in hist object": [
            1,
            1
        ]
    },
    "metrics_centralized": {
        "accuracy": [
            [
                0,
                0.004
            ],
            [
                1,
                0.004
            ],
            [
                2,
                0.004
            ],
            [
                3,
                0.004
            ],
            [
                4,
                0.004
            ],
            [
                5,
                0.004
            ],
            [
                6,
                0.004
            ],
            [
                7,
                0.004
            ],
            [
                8,
                0.004
            ],
            [
                9,
                0.004
            ],
            [
                10,
                0.004
            ]
        ]
    }
}