{
    "losses_distributed": [
        [
            1,
            4.185354709625244
        ],
        [
            2,
            4.065669059753418
        ],
        [
            3,
            4.11685037612915
        ],
        [
            8,
            4.168816566467285
        ],
        [
            10,
            3.97666072845459
        ]
    ],
    "losses_centralized": [
        [
            0,
            194.37576723098755
        ],
        [
            1,
            194.37576723098755
        ],
        [
            2,
            194.37576723098755
        ],
        [
            3,
            194.37576723098755
        ],
        [
            4,
            188.6893229484558
        ],
        [
            5,
            188.6893229484558
        ],
        [
            6,
            188.6893229484558
        ],
        [
            7,
            188.6893229484558
        ],
        [
            8,
            188.6893229484558
        ],
        [
            9,
            188.6893229484558
        ],
        [
            10,
            188.6893229484558
        ]
    ],
    "fit_metrics_distributed": {
        "train_loss": [
            [
                4,
                {
                    "avg": 0.03637425078389545,
                    "all": [
                        [
                            6,
                            0.03651071029404799
                        ],
                        [
                            6,
                            0.02732085281362136
                        ],
                        [
                            6,
                            0.005899232657005389
                        ],
                        [
                            6,
                            0.034413364715874195
                        ],
                        [
                            6,
                            0.04088891545931498
                        ],
                        [
                            6,
                            0.030422693739334743
                        ],
                        [
                            6,
                            0.06059721981485685
                        ],
                        [
                            6,
                            0.03310721553862095
                        ],
                        [
                            6,
                            0.028537058892349403
                        ],
                        [
                            6,
                            0.06604524391392867
                        ]
                    ]
                }
            ]
        ]
    },
    "eval_metrics_distributed": {
        "local_accuracy": [
            [
                1,
                {
                    "avg": 0.0,
                    "all": [
                        [
                            1,
                            0.0
                        ],
                        [
                            1,
                            0.0
                        ]
                    ]
                }
            ],
            [
                2,
                {
                    "avg": 0.08695652173913043,
                    "all": [
                        [
                            1,
                            0.17391304347826086
                        ],
                        [
                            1,
                            0.0
                        ]
                    ]
                }
            ],
            [
                3,
                {
                    "avg": 0.0,
                    "all": [
                        [
                            1,
                            0.0
                        ],
                        [
                            1,
                            0.0
                        ]
                    ]
                }
            ],
            [
                8,
                {
                    "avg": 0.021739130434782608,
                    "all": [
                        [
                            1,
                            0.043478260869565216
                        ],
                        [
                            1,
                            0.0
                        ]
                    ]
                }
            ],
            [
                10,
                {
                    "avg": 0.0,
                    "all": [
                        [
                            1,
                            0.0
                        ],
                        [
                            1,
                            0.0
                        ]
                    ]
                }
            ]
        ]
    },
    "metrics_distributed": {
        "Placeholder, see fit and eval metrics distributed results in hist object": [
            1,
            1
        ]
    },
    "metrics_centralized": {
        "accuracy": [
            [
                0,
                0.004
            ],
            [
                1,
                0.004
            ],
            [
                2,
                0.004
            ],
            [
                3,
                0.004
            ],
            [
                4,
                0.006666666666666667
            ],
            [
                5,
                0.006666666666666667
            ],
            [
                6,
                0.006666666666666667
            ],
            [
                7,
                0.006666666666666667
            ],
            [
                8,
                0.006666666666666667
            ],
            [
                9,
                0.006666666666666667
            ],
            [
                10,
                0.006666666666666667
            ]
        ]
    }
}