{
    "losses_distributed": [
        [
            1,
            4.1058855056762695
        ],
        [
            3,
            4.105362415313721
        ],
        [
            7,
            4.163051128387451
        ]
    ],
    "losses_centralized": [
        [
            0,
            194.37576723098755
        ],
        [
            1,
            194.37576723098755
        ],
        [
            2,
            194.37576723098755
        ],
        [
            3,
            194.37576723098755
        ],
        [
            4,
            194.37576723098755
        ],
        [
            5,
            194.37576723098755
        ],
        [
            6,
            194.37576723098755
        ],
        [
            7,
            194.37576723098755
        ],
        [
            8,
            186.84170293807983
        ],
        [
            9,
            186.84170293807983
        ],
        [
            10,
            186.84170293807983
        ]
    ],
    "fit_metrics_distributed": {
        "train_loss": [
            [
                8,
                {
                    "avg": 0.0391989978030324,
                    "all": [
                        [
                            6,
                            0.06709723236660163
                        ],
                        [
                            6,
                            0.022090596457322437
                        ],
                        [
                            6,
                            0.06409815077980359
                        ],
                        [
                            6,
                            0.021533059266706307
                        ],
                        [
                            6,
                            0.02914013930906852
                        ],
                        [
                            6,
                            0.04057359478125969
                        ],
                        [
                            6,
                            0.013702751758197943
                        ],
                        [
                            6,
                            0.02228525218864282
                        ],
                        [
                            6,
                            0.045806050300598145
                        ],
                        [
                            6,
                            0.06566315082212289
                        ]
                    ]
                }
            ]
        ]
    },
    "eval_metrics_distributed": {
        "local_accuracy": [
            [
                1,
                {
                    "avg": 0.0,
                    "all": [
                        [
                            1,
                            0.0
                        ],
                        [
                            1,
                            0.0
                        ]
                    ]
                }
            ],
            [
                3,
                {
                    "avg": 0.0,
                    "all": [
                        [
                            1,
                            0.0
                        ],
                        [
                            1,
                            0.0
                        ]
                    ]
                }
            ],
            [
                7,
                {
                    "avg": 0.0,
                    "all": [
                        [
                            1,
                            0.0
                        ],
                        [
                            1,
                            0.0
                        ]
                    ]
                }
            ]
        ]
    },
    "metrics_distributed": {
        "Placeholder, see fit and eval metrics distributed results in hist object": [
            1,
            1
        ]
    },
    "metrics_centralized": {
        "accuracy": [
            [
                0,
                0.004
            ],
            [
                1,
                0.004
            ],
            [
                2,
                0.004
            ],
            [
                3,
                0.004
            ],
            [
                4,
                0.004
            ],
            [
                5,
                0.004
            ],
            [
                6,
                0.004
            ],
            [
                7,
                0.004
            ],
            [
                8,
                0.07733333333333334
            ],
            [
                9,
                0.07733333333333334
            ],
            [
                10,
                0.07733333333333334
            ]
        ]
    }
}