{
    "losses_distributed": [
        [
            1,
            4.137482166290283
        ],
        [
            2,
            4.172318458557129
        ],
        [
            3,
            4.10870099067688
        ],
        [
            4,
            4.161253213882446
        ],
        [
            5,
            4.149998664855957
        ],
        [
            7,
            4.1627888679504395
        ],
        [
            8,
            4.147170305252075
        ],
        [
            10,
            3.971510171890259
        ]
    ],
    "losses_centralized": [
        [
            0,
            194.37576723098755
        ],
        [
            1,
            194.37576723098755
        ],
        [
            2,
            194.37576723098755
        ],
        [
            3,
            194.37576723098755
        ],
        [
            4,
            194.37576723098755
        ],
        [
            5,
            194.37576723098755
        ],
        [
            6,
            194.37576723098755
        ],
        [
            7,
            194.37576723098755
        ],
        [
            8,
            194.37576723098755
        ],
        [
            9,
            194.37576723098755
        ],
        [
            10,
            188.40602827072144
        ]
    ],
    "fit_metrics_distributed": {
        "train_loss": [
            [
                10,
                {
                    "avg": 0.040961320294688144,
                    "all": [
                        [
                            6,
                            0.05274077380696932
                        ],
                        [
                            6,
                            0.05666739493608475
                        ],
                        [
                            6,
                            0.035874856635928154
                        ],
                        [
                            6,
                            0.03530312174310287
                        ],
                        [
                            6,
                            0.014464195817708969
                        ],
                        [
                            6,
                            0.054840983202060066
                        ],
                        [
                            6,
                            0.03792101579407851
                        ],
                        [
                            6,
                            0.04293894457320372
                        ],
                        [
                            6,
                            0.027650095522403717
                        ],
                        [
                            6,
                            0.05121182091534138
                        ]
                    ]
                }
            ]
        ]
    },
    "eval_metrics_distributed": {
        "local_accuracy": [
            [
                1,
                {
                    "avg": 0.0,
                    "all": [
                        [
                            1,
                            0.0
                        ],
                        [
                            1,
                            0.0
                        ]
                    ]
                }
            ],
            [
                2,
                {
                    "avg": 0.0,
                    "all": [
                        [
                            1,
                            0.0
                        ],
                        [
                            1,
                            0.0
                        ]
                    ]
                }
            ],
            [
                3,
                {
                    "avg": 0.0,
                    "all": [
                        [
                            1,
                            0.0
                        ],
                        [
                            1,
                            0.0
                        ]
                    ]
                }
            ],
            [
                4,
                {
                    "avg": 0.0,
                    "all": [
                        [
                            1,
                            0.0
                        ],
                        [
                            1,
                            0.0
                        ]
                    ]
                }
            ],
            [
                5,
                {
                    "avg": 0.0,
                    "all": [
                        [
                            1,
                            0.0
                        ],
                        [
                            1,
                            0.0
                        ]
                    ]
                }
            ],
            [
                7,
                {
                    "avg": 0.0,
                    "all": [
                        [
                            1,
                            0.0
                        ],
                        [
                            1,
                            0.0
                        ]
                    ]
                }
            ],
            [
                8,
                {
                    "avg": 0.0,
                    "all": [
                        [
                            1,
                            0.0
                        ],
                        [
                            1,
                            0.0
                        ]
                    ]
                }
            ],
            [
                10,
                {
                    "avg": 0.47826086956521735,
                    "all": [
                        [
                            1,
                            0.9130434782608695
                        ],
                        [
                            1,
                            0.043478260869565216
                        ]
                    ]
                }
            ]
        ]
    },
    "metrics_distributed": {
        "Placeholder, see fit and eval metrics distributed results in hist object": [
            1,
            1
        ]
    },
    "metrics_centralized": {
        "accuracy": [
            [
                0,
                0.004
            ],
            [
                1,
                0.004
            ],
            [
                2,
                0.004
            ],
            [
                3,
                0.004
            ],
            [
                4,
                0.004
            ],
            [
                5,
                0.004
            ],
            [
                6,
                0.004
            ],
            [
                7,
                0.004
            ],
            [
                8,
                0.004
            ],
            [
                9,
                0.004
            ],
            [
                10,
                0.068
            ]
        ]
    }
}