{
    "losses_distributed": [
        [
            1,
            4.143002033233643
        ],
        [
            5,
            3.869703531265259
        ],
        [
            6,
            3.6712971925735474
        ],
        [
            7,
            3.842656970024109
        ],
        [
            9,
            3.9760059118270874
        ],
        [
            10,
            3.968006134033203
        ]
    ],
    "losses_centralized": [
        [
            0,
            194.37576723098755
        ],
        [
            1,
            194.37576723098755
        ],
        [
            2,
            186.5970332622528
        ],
        [
            3,
            186.5970332622528
        ],
        [
            4,
            174.03160977363586
        ],
        [
            5,
            174.03160977363586
        ],
        [
            6,
            174.03160977363586
        ],
        [
            7,
            174.03160977363586
        ],
        [
            8,
            183.87299156188965
        ],
        [
            9,
            183.87299156188965
        ],
        [
            10,
            183.87299156188965
        ]
    ],
    "fit_metrics_distributed": {
        "train_loss": [
            [
                2,
                {
                    "avg": 0.04237236076345046,
                    "all": [
                        [
                            6,
                            0.04965773907800516
                        ],
                        [
                            6,
                            0.06621234181026618
                        ],
                        [
                            6,
                            0.026073815921942394
                        ],
                        [
                            6,
                            0.0
                        ],
                        [
                            6,
                            0.019673634320497513
                        ],
                        [
                            6,
                            0.03419083232680956
                        ],
                        [
                            6,
                            0.059066787362098694
                        ],
                        [
                            6,
                            0.06083259669442972
                        ],
                        [
                            6,
                            0.05668323611219724
                        ],
                        [
                            6,
                            0.051332624008258186
                        ]
                    ]
                }
            ],
            [
                4,
                {
                    "avg": 0.037825098757942516,
                    "all": [
                        [
                            6,
                            0.06591067525247733
                        ],
                        [
                            6,
                            0.03368100586036841
                        ],
                        [
                            6,
                            0.028722023280958336
                        ],
                        [
                            6,
                            0.0626114731033643
                        ],
                        [
                            6,
                            0.015920631897946198
                        ],
                        [
                            6,
                            0.04160339881976446
                        ],
                        [
                            6,
                            0.030637707250813644
                        ],
                        [
                            6,
                            0.03433566292126974
                        ],
                        [
                            6,
                            0.02787007422496875
                        ],
                        [
                            6,
                            0.03695833496749401
                        ]
                    ]
                }
            ],
            [
                8,
                {
                    "avg": 0.043747464012612786,
                    "all": [
                        [
                            6,
                            1.5624999905039516e-10
                        ],
                        [
                            6,
                            0.11409528429309528
                        ],
                        [
                            6,
                            0.03632013561824957
                        ],
                        [
                            6,
                            0.06403174996376038
                        ],
                        [
                            6,
                            0.03824422135949135
                        ],
                        [
                            6,
                            0.008011724683456123
                        ],
                        [
                            6,
                            0.06009040462474028
                        ],
                        [
                            6,
                            0.02176623760412137
                        ],
                        [
                            6,
                            0.020607476122677326
                        ],
                        [
                            6,
                            0.07430740570028622
                        ]
                    ]
                }
            ]
        ]
    },
    "eval_metrics_distributed": {
        "local_accuracy": [
            [
                1,
                {
                    "avg": 0.0,
                    "all": [
                        [
                            1,
                            0.0
                        ],
                        [
                            1,
                            0.0
                        ]
                    ]
                }
            ],
            [
                5,
                {
                    "avg": 0.0,
                    "all": [
                        [
                            1,
                            0.0
                        ],
                        [
                            1,
                            0.0
                        ]
                    ]
                }
            ],
            [
                6,
                {
                    "avg": 0.0,
                    "all": [
                        [
                            1,
                            0.0
                        ],
                        [
                            1,
                            0.0
                        ]
                    ]
                }
            ],
            [
                7,
                {
                    "avg": 0.0,
                    "all": [
                        [
                            1,
                            0.0
                        ],
                        [
                            1,
                            0.0
                        ]
                    ]
                }
            ],
            [
                9,
                {
                    "avg": 0.043478260869565216,
                    "all": [
                        [
                            1,
                            0.08695652173913043
                        ],
                        [
                            1,
                            0.0
                        ]
                    ]
                }
            ],
            [
                10,
                {
                    "avg": 0.0,