{
    "losses_distributed": [
        [
            1,
            4.112900495529175
        ],
        [
            5,
            4.13117241859436
        ],
        [
            6,
            4.099066257476807
        ],
        [
            7,
            4.04009473323822
        ],
        [
            10,
            3.986541509628296
        ]
    ],
    "losses_centralized": [
        [
            0,
            194.37576723098755
        ],
        [
            1,
            194.37576723098755
        ],
        [
            2,
            194.37576723098755
        ],
        [
            3,
            194.37576723098755
        ],
        [
            4,
            194.37576723098755
        ],
        [
            5,
            194.37576723098755
        ],
        [
            6,
            194.37576723098755
        ],
        [
            7,
            189.1499993801117
        ],
        [
            8,
            189.1499993801117
        ],
        [
            9,
            189.1499993801117
        ],
        [
            10,
            189.1499993801117
        ]
    ],
    "fit_metrics_distributed": {
        "train_loss": [
            [
                7,
                {
                    "avg": 0.045345862458149595,
                    "all": [
                        [
                            6,
                            0.03392798391481241
                        ],
                        [
                            6,
                            0.06246167731781801
                        ],
                        [
                            6,
                            0.04827160760760307
                        ],
                        [
                            6,
                            0.03515028674155474
                        ],
                        [
                            6,
                            0.035699088126420975
                        ],
                        [
                            6,
                            0.06199461780488491
                        ],
                        [
                            6,
                            0.03251078383376201
                        ],
                        [
                            6,
                            0.06368064694106579
                        ],
                        [
                            6,
                            0.03817616837720076
                        ],
                        [
                            6,
                            0.04158576391637325
                        ]
                    ]
                }
            ]
        ]
    },
    "eval_metrics_distributed": {
        "local_accuracy": [
            [
                1,
                {
                    "avg": 1.1884100609350835e+17,
                    "all": [
                        [
                            1,
                            2.376820121870167e+17
                        ],
                        [
                            1,
                            0.0
                        ]
                    ]
                }
            ],
            [
                5,
                {
                    "avg": 0.0,
                    "all": [
                        [
                            1,
                            0.0
                        ],
                        [
                            1,
                            0.0
                        ]
                    ]
                }
            ],
            [
                6,
                {
                    "avg": 0.0,
                    "all": [
                        [
                            1,
                            0.0
                        ],
                        [
                            1,
                            0.0
                        ]
                    ]
                }
            ],
            [
                7,
                {
                    "avg": 0.0,
                    "all": [
                        [
                            1,
                            0.0
                        ],
                        [
                            1,
                            0.0
                        ]
                    ]
                }
            ],
            [
                10,
                {
                    "avg": 0.0,
                    "all": [
                        [
                            1,
                            0.0
                        ],
                        [
                            1,
                            0.0
                        ]
                    ]
                }
            ]
        ]
    },
    "metrics_distributed": {
        "Placeholder, see fit and eval metrics distributed results in hist object": [
            1,
            1
        ]
    },
    "metrics_centralized": {
        "accuracy": [
            [
                0,
                0.004
            ],
            [
                1,
                0.004
            ],
            [
                2,
                0.004
            ],
            [
                3,
                0.004
            ],
            [
                4,
                0.004
            ],
            [
                5,
                0.004
            ],
            [
                6,
                0.004
            ],
            [
                7,
                0.07066666666666667
            ],
            [
                8,
                0.07066666666666667
            ],
            [
                9,
                0.07066666666666667
            ],
            [
                10,
                0.07066666666666667
            ]
        ]
    }
}