{
    "losses_distributed": [],
    "losses_centralized": [
        [
            0,
            194.37576723098755
        ],
        [
            1,
            187.4485433101654
        ],
        [
            2,
            179.99966049194336
        ],
        [
            3,
            169.34739470481873
        ],
        [
            4,
            165.9179491996765
        ],
        [
            5,
            161.59663724899292
        ],
        [
            6,
            153.40640592575073
        ],
        [
            7,
            144.1089527606964
        ],
        [
            8,
            142.20004677772522
        ],
        [
            9,
            135.9004943370819
        ],
        [
            10,
            128.9005982875824
        ]
    ],
    "fit_metrics_distributed": {
        "train_loss": [
            [
                1,
                {
                    "avg": 0.10209591407328844,
                    "all": [
                        [
                            1,
                            0.10108973644673824
                        ],
                        [
                            1,
                            0.10657664574682713
                        ],
                        [
                            1,
                            0.10082232393324375
                        ],
                        [
                            1,
                            0.09989495016634464
                        ]
                    ]
                }
            ],
            [
                2,
                {
                    "avg": 0.09919953004767497,
                    "all": [
                        [
                            1,
                            0.0988459475338459
                        ],
                        [
                            1,
                            0.10209738463163376
                        ],
                        [
                            1,
                            0.1127898891766866
                        ],
                        [
                            1,
                            0.08306489884853363
                        ]
                    ]
                }
            ],
            [
                3,
                {
                    "avg": 0.08398930272752686,
                    "all": [
                        [
                            1,
                            0.06614376325160265
                        ],
                        [
                            1,
                            0.09192885458469391
                        ],
                        [
                            1,
                            0.06816587224602699
                        ],
                        [
                            1,
                            0.10971872082778386
                        ]
                    ]
                }
            ],
            [
                4,
                {
                    "avg": 0.06892006816342473,
                    "all": [
                        [
                            1,
                            0.05102039687335491
                        ],
                        [
                            1,
                            0.11465964913368225
                        ],
                        [
                            1,
                            0.0354837141931057
                        ],
                        [
                            1,
                            0.07451651245355606
                        ]
                    ]
                }
            ],
            [
                5,
                {
                    "avg": 0.03964820671826601,
                    "all": [
                        [
                            1,
                            0.01553207915276289
                        ],
                        [
                            1,
                            0.0630801685154438
                        ],
                        [
                            1,
                            0.04756618291139603
                        ],
                        [
                            1,
                            0.03241439629346132
                        ]
                    ]
                }
            ],
            [
                6,
                {
                    "avg": 0.03388831045012921,
                    "all": [
                        [
                            1,
                            0.055531539022922516
                        ],
                        [
                            1,
                            0.01829965626820922
                        ],
                        [
                            1,
                            0.019759127870202065
                        ],
                        [
                            1,
                            0.04196291863918304
                        ]
                    ]
                }
            ],
            [
                7,
                {
                    "avg": 0.022857858333736658,
                    "all": [
                        [
                            1,
                            0.0310877226293087
                        ],
                        [
                            1,
                            0.015842383727431297
                        ],
                        [
                            1,
                            0.02310355380177498
                        ],
                        [
                            1,
                            0.021397773176431656
                        ]
                    ]
                }
            ],
            [
                8,
                {
                    "avg": 0.017875971610192207,
                    "all": [
                        [
                            1,
                            0.0182211734354496
                        ],
                        [
                            1,
                            0.00678377253934741
                        ],
                        [
                            1,
                            0.02016139659099281
                        ],
                        [
                            1,
                            0.026337543874979018
                        ]
                    ]
                }
            ],
            [
                9,
                {
                    "avg": 0.011865381628012981,
                    "all": [
                        [
                            1,
                            0.031008352835973103
                        ],
                        [
                            1,
                            0.004155737042310648
                        ],
                        [
                            1,
                            0.005975269867728154
                        ],
                        [
                            1,
                            0.006322166766040027
                        ]
                    ]
                }
            ],
            [
                10,
                {
                    "avg": 0.006641919240064453,
                    "all": [
                        [
                            1,
                            0.015289889043197035
                        ],
                        [
                            1,
                            0.004489064309746027
                        ],
                        [
                            1,
                            0.0013292312796693295
                        ],
                        [
                            1,
                            0.005459492327645421
                        ]
                    ]
                }
            ]
        ],