{
    "losses_distributed": [
        [
            1,
            4.083012104034424
        ],
        [
            2,
            4.066407203674316
        ],
        [
            7,
            3.981378436088562
        ],
        [
            8,
            4.136399865150452
        ],
        [
            10,
            3.9071407318115234
        ]
    ],
    "losses_centralized": [
        [
            0,
            194.37576723098755
        ],
        [
            1,
            190.0056447982788
        ],
        [
            2,
            190.0056447982788
        ],
        [
            3,
            190.0056447982788
        ],
        [
            4,
            190.0056447982788
        ],
        [
            5,
            190.0056447982788
        ],
        [
            6,
            181.9839072227478
        ],
        [
            7,
            181.9839072227478
        ],
        [
            8,
            181.9839072227478
        ],
        [
            9,
            181.9839072227478
        ],
        [
            10,
            181.9839072227478
        ]
    ],
    "fit_metrics_distributed": {
        "train_loss": [
            [
                1,
                {
                    "avg": 0.047301806913067894,
                    "all": [
                        [
                            6,
                            0.06565823468069236
                        ],
                        [
                            6,
                            0.054691056410471596
                        ],
                        [
                            6,
                            0.04240575556953748
                        ],
                        [
                            6,
                            0.028553589557607967
                        ],
                        [
                            6,
                            0.05243653555711111
                        ],
                        [
                            6,
                            0.06753332043687503
                        ],
                        [
                            6,
                            0.03913183013598124
                        ],
                        [
                            6,
                            0.030935670249164104
                        ],
                        [
                            6,
                            0.0630456805229187
                        ],
                        [
                            6,
                            0.028626396010319393
                        ]
                    ]
                }
            ],
            [
                6,
                {
                    "avg": 0.04145922102034092,
                    "all": [
                        [
                            6,
                            0.04832594779630502
                        ],
                        [
                            6,
                            0.03904883190989494
                        ],
                        [
                            6,
                            0.0766404631237189
                        ],
                        [
                            6,
                            0.034766376639405884
                        ],
                        [
                            6,
                            0.022774826114376385
                        ],
                        [
                            6,
                            0.036487958704431854
                        ],
                        [
                            6,
                            0.018536561479171116
                        ],
                        [
                            6,
                            0.027536150999367237
                        ],
                        [
                            6,
                            0.08496016512314479
                        ],
                        [
                            6,
                            0.02551492831359307
                        ]
                    ]
                }
            ]
        ]
    },
    "eval_metrics_distributed": {
        "local_accuracy": [
            [
                1,
                {
                    "avg": 0.0,
                    "all": [
                        [
                            1,
                            0.0
                        ],
                        [
                            1,
                            0.0
                        ]
                    ]
                }
            ],
            [
                2,
                {
                    "avg": 0.0,
                    "all": [
                        [
                            1,
                            0.0
                        ],
                        [
                            1,
                            0.0
                        ]
                    ]
                }
            ],
            [
                7,
                {
                    "avg": 0.0,
                    "all": [
                        [
                            1,
                            0.0
                        ],
                        [
                            1,
                            0.0
                        ]
                    ]
                }
            ],
            [
                8,
                {
                    "avg": 0.0,
                    "all": [
                        [
                            1,
                            0.0
                        ],
                        [
                            1,
                            0.0
                        ]
                    ]
                }
            ],
            [
                10,
                {
                    "avg": 0.08695652173913043,
                    "all": [
                        [
                            1,
                            0.0
                        ],
                        [
                            1,
                            0.17391304347826086
                        ]
                    ]
                }
            ]
        ]
    },
    "metrics_distributed": {
        "Placeholder, see fit and eval metrics distributed results in hist object": [
            1,
            1
        ]
    },
    "metrics_centralized": {
        "accuracy": [
            [
                0,
                0.004
            ],
            [
                1,
                0.07066666666666667
            ],
            [
                2,
                0.07066666666666667
            ],
            [
                3,
                0.07066666666666667
            ],
            [
                4,
                0.07066666666666667
            ],
            [
                5,
                0.07066666666666667
            ],
            [
                6,
                0.07066666666666667
            ],
            [
                7,
                0.07066666666666667
            ],
            [
                8,
                0.07066666666666667
            ],
            [
                9,
                0.07066666666666667
            ],
            [
                10,
                0.07066666666666667
            ]
        ]
    }
}