{
    "losses_distributed": [
        [
            1,
            3.7674015760421753
        ],
        [
            2,
            6.228221575419108
        ],
        [
            3,
            6.118324041366577
        ],
        [
            4,
            3.531730890274048
        ],
        [
            5,
            5.945725838343303
        ],
        [
            6,
            3.7197598218917847
        ],
        [
            7,
            2.948187470436096
        ],
        [
            8,
            2.9120205640792847
        ],
        [
            9,
            3.7778249979019165
        ],
        [
            10,
            6.728453993797302
        ]
    ],
    "losses_centralized": [
        [
            0,
            194.37576723098755
        ],
        [
            1,
            179.64276003837585
        ],
        [
            2,
            171.43768095970154
        ],
        [
            3,
            160.5275740623474
        ],
        [
            4,
            166.76348519325256
        ],
        [
            5,
            158.9430935382843
        ],
        [
            6,
            149.13486886024475
        ],
        [
            7,
            140.7966170310974
        ],
        [
            8,
            132.13356924057007
        ],
        [
            9,
            133.20371043682098
        ],
        [
            10,
            142.14649367332458
        ]
    ],
    "fit_metrics_distributed": {
        "train_loss": [
            [
                1,
                {
                    "avg": 0.10862891052080237,
                    "all": [
                        [
                            8,
                            0.11159851029515266
                        ],
                        [
                            11,
                            0.11087304421446541
                        ],
                        [
                            4,
                            0.09651834331452847
                        ]
                    ]
                }
            ],
            [
                2,
                {
                    "avg": 0.10783110387050189,
                    "all": [
                        [
                            1,
                            0.12664446234703064
                        ],
                        [
                            4,
                            0.0956791490316391
                        ],
                        [
                            8,
                            0.11155541148036718
                        ]
                    ]
                }
            ],
            [
                3,
                {
                    "avg": 0.10172548603553039,
                    "all": [
                        [
                            4,
                            0.10382132232189178
                        ],
                        [
                            5,
                            0.10434670001268387
                        ],
                        [
                            4,
                            0.09635313227772713
                        ]
                    ]
                }
            ],
            [
                4,
                {
                    "avg": 0.10429749265313148,
                    "all": [
                        [
                            6,
                            0.1110451507071654
                        ],
                        [
                            4,
                            0.10685267113149166
                        ],
                        [
                            4,
                            0.09162082709372044
                        ]
                    ]
                }
            ],
            [
                5,
                {
                    "avg": 0.08197328401729465,
                    "all": [
                        [
                            8,
                            0.07732822932302952
                        ],
                        [
                            4,
                            0.09300311841070652
                        ],
                        [
                            4,
                            0.08023355901241302
                        ]
                    ]
                }
            ],
            [
                6,
                {
                    "avg": 0.05570463807537006,
                    "all": [
                        [
                            5,
                            0.05423223599791527
                        ],
                        [
                            5,
                            0.05454769060015678
                        ],
                        [
                            3,
                            0.06008688732981682
                        ]
                    ]
                }
            ],
            [
                7,
                {
                    "avg": 0.05129539852754937,
                    "all": [
                        [
                            3,
                            0.06427972639600436
                        ],
                        [
                            11,
                            0.05179977891120044
                        ],
                        [
                            4,
                            0.04017010657116771
                        ]
                    ]
                }
            ],
            [
                8,
                {
                    "avg": 0.030599041904012362,
                    "all": [
                        [
                            5,
                            0.0324566300958395
                        ],
                        [
                            5,
                            0.026820836961269377
                        ],
                        [
                            5,
                            0.03251965865492821
                        ]
                    ]
                }
            ],
            [
                9,
                {
                    "avg": 0.033062753694442414,
                    "all": [
                        [
                            4,
                            0.05276814382523298
                        ],
                        [
                            4,
                            0.01932392257731408
                        ],
                        [
                            4,
                            0.027096194680780172
                        ]
                    ]
                }
            ],
            [
                10,
                {
                    "avg": 0.036601743415782324,
                    "all": [
                        [
                            9,
                            0.03265303104288048
                        ],
                        [
                            6,
                            0.040764071978628635
                        ],
                        [
                            4,
                            0.03924285341054201
                        ]
                    ]
                }
            ]
        ]
    },
    "eval_metrics_distributed": {
        "local_accuracy": [
            [
                1,
                {
                    "avg": 0.15,
                    "all": [
                        [
                            1,
                            0.16666666666666666
                        ],
                        [
                            1,
                            0.13333333333333333
                        ]
                    ]
                }
            ],
            [
                2,
                {
                    "avg": 0.018518518518518517,